INDIVIDUAL;SADAD;23;lasathj994;null;1111;Jay;konrack;Jay;PAS;25212525;501213325;msaman@dci.sa;MALE;King Fahad Street;12;1;1;2525
INDIVIDUAL;SADAD;23;lasathj994;null;1111;Jay;konrack;Jay;PAS;25212525;501213325;msaman@dci.sa;MALE;King Fahad Street;12;1;1;2525
INDIVIDUAL;SADAD;23;lasathj994;null;1111;Jay;konrack;Jay;PAS;25212525;501213325;msaman@dci.sa;MALE;King Fahad Street;12;1;1;2525
INDIVIDUAL;SADAD;23;lasathj994;null;1111;Jay;konrack;Jay;PAS;25212525;501213325;msaman@dci.sa;MALE;King Fahad Street;12;1;1;2525
INDIVIDUAL;SADAD;23;lasathj994;null;1111;Jay;konrack;Jay;PAS;25212525;501213325;msaman@dci.sa;MALE;King Fahad Street;12;1;1;2525
INDIVIDUAL;SADAD;23;lasathj994;null;1111;Jay;konrack;Jay;PAS;25212525;501213325;msaman@dci.sa;MALE;King Fahad Street;12;1;1;2525
INDIVIDUAL;SADAD;23;lasathj994;null;1111;Jay;konrack;Jay;PAS;25212525;501213325;msaman@dci.sa;MALE;King Fahad Street;12;1;1;2525
INDIVIDUAL;SADAD;23;lasathj994;null;1111;Jay;konrack;Jay;PAS;25212525;501213325;msaman@dci.sa;MALE;King Fahad Street;12;1;1;2525
INDIVIDUAL;SADAD;23;lasathj994;null;1111;Jay;konrack;Jay;PAS;25212525;501213325;msaman@dci.sa;MALE;King Fahad Street;12;1;1;2525
INDIVIDUAL;SADAD;23;lasathj994;null;1111;Jay;konrack;Jay;PAS;25212525;501213325;msaman@dci.sa;MALE;King Fahad Street;12;1;1;2525
